{
    "averageKeywordPositionForReact": [
        19,
        15,
        11.526315789473685
    ],
    "averageOccurenceForReact": [
        1,
        3.6,
        2.7142857142857144
    ],
    "numberOfFilesForReact": [
        1,
        5,
        7
    ],
    "averageFileSizeForReact": [
        66,
        36,
        29.714285714285715
    ]
}