{
    "averageKeywordPositionForReact": [
        3.8275862068965516,
        0,
        9.4375,
        17.454545454545453,
        0,
        9.152173913043478,
        0,
        14.6,
        2.25,
        10.277777777777779
    ],
    "averageOccurenceForReact": [
        1.3181818181818181,
        0,
        1.3333333333333333,
        1.8333333333333333,
        0,
        1.7037037037037037,
        0,
        2,
        1.3333333333333333,
        2.25
    ],
    "numberOfFilesForReactReact": [
        22,
        0,
        12,
        6,
        0,
        27,
        0,
        5,
        6,
        8
    ],
    "averageFileSizeForReact": [
        36.77272727272727,
        0,
        35.833333333333336,
        63.833333333333336,
        0,
        40.55555555555556,
        0,
        47,
        21.833333333333332,
        39.25
    ],
    "averageKeywordPositionForclassName": [
        39.575,
        8609.583333333334,
        17.25,
        0,
        0,
        33.92307692307692,
        0,
        40.5,
        15,
        41.61538461538461
    ],
    "averageOccurenceForclassName": [
        2.3529411764705883,
        6,
        1,
        0,
        0,
        4.588235294117647,
        0,
        2,
        1,
        4.333333333333333
    ],
    "numberOfFilesForReactclassName": [
        17,
        2,
        4,
        0,
        0,
        17,
        0,
        2,
        1,
        3
    ],
    "averageFileSizeForclassName": [
        41.05882352941177,
        11756.5,
        32.5,
        0,
        0,
        45.23529411764706,
        0,
        102,
        24,
        56.333333333333336
    ],
    "averageKeywordPositionForuseState": [
        14.892857142857142,
        0,
        9.5,
        0,
        0,
        0,
        0,
        0,
        0,
        0
    ],
    "averageOccurenceForuseState": [
        2.8,
        0,
        2,
        0,
        0,
        0,
        0,
        0,
        0,
        0
    ],
    "numberOfFilesForReactuseState": [
        10,
        0,
        1,
        0,
        0,
        0,
        0,
        0,
        0,
        0
    ],
    "averageFileSizeForuseState": [
        58.1,
        0,
        95,
        0,
        0,
        0,
        0,
        0,
        0,
        0
    ],
    "averageKeywordPositionForuseEffect": [
        14.625,
        0,
        46,
        0,
        0,
        0,
        0,
        0,
        0,
        0
    ],
    "averageOccurenceForuseEffect": [
        2.6666666666666665,
        0,
        2,
        0,
        0,
        0,
        0,
        0,
        0,
        0
    ],
    "numberOfFilesForReactuseEffect": [
        3,
        0,
        1,
        0,
        0,
        0,
        0,
        0,
        0,
        0
    ],
    "averageFileSizeForuseEffect": [
        44.666666666666664,
        0,
        95,
        0,
        0,
        0,
        0,
        0,
        0,
        0
    ],
    "averageKeywordPositionForpropTypes": [
        15,
        11907.9375,
        0,
        0,
        0,
        0,
        0,
        0,
        0,
        0
    ],
    "averageOccurenceForpropTypes": [
        1,
        16,
        0,
        0,
        0,
        0,
        0,
        0,
        0,
        0
    ],
    "numberOfFilesForReactpropTypes": [
        1,
        1,
        0,
        0,
        0,
        0,
        0,
        0,
        0,
        0
    ],
    "averageFileSizeForpropTypes": [
        26,
        23430,
        0,
        0,
        0,
        0,
        0,
        0,
        0,
        0
    ],
    "averageKeywordPositionForrender": [
        15367.57142857143,
        12479.236301369863,
        7092.125,
        7057.625,
        0,
        4807.078947368421,
        0,
        7426.5,
        8537.333333333334,
        3623
    ],
    "averageOccurenceForrender": [
        3.5,
        58.4,
        2.6666666666666665,
        2.6666666666666665,
        0,
        1.4615384615384615,
        0,
        2,
        2,
        1.8333333333333333
    ],
    "numberOfFilesForReactrender": [
        2,
        5,
        3,
        3,
        0,
        26,
        0,
        4,
        6,
        6
    ],
    "averageFileSizeForrender": [
        13557,
        4729.8,
        8090.333333333333,
        8054.333333333333,
        0,
        1455.9615384615386,
        0,
        6688.75,
        3800.5,
        2808
    ],
    "averageKeywordPositionForshallow": [
        15193.561403508771,
        13781.666666666666,
        7175.9807692307695,
        7142.923076923077,
        0,
        21791.323529411766,
        0,
        7580.7692307692305,
        12986.166666666666,
        9575.605042016807
    ],
    "averageOccurenceForshallow": [
        57,
        9,
        26,
        26,
        0,
        68,
        0,
        26,
        6,
        119
    ],
    "numberOfFilesForReactshallow": [
        1,
        1,
        2,
        2,
        0,
        1,
        0,
        2,
        1,
        1
    ],
    "averageFileSizeForshallow": [
        27104,
        23430,
        12130,
        12075.5,
        0,
        36816,
        0,
        13275.5,
        22683,
        16658
    ],
    "averageKeywordPositionFordescribe": [
        0,
        4603,
        0,
        0,
        0,
        0,
        0,
        0,
        0,
        0
    ],
    "averageOccurenceFordescribe": [
        0,
        4.5,
        0,
        0,
        0,
        0,
        0,
        0,
        0,
        0
    ],
    "numberOfFilesForReactdescribe": [
        0,
        2,
        0,
        0,
        0,
        0,
        0,
        0,
        0,
        0
    ],
    "averageFileSizeFordescribe": [
        0,
        11738.5,
        0,
        0,
        0,
        0,
        0,
        0,
        0,
        0
    ],
    "averageKeywordPositionForbeforeEach": [
        0,
        0,
        0,
        0,
        0,
        0,
        0,
        0,
        0,
        0
    ],
    "averageOccurenceForbeforeEach": [
        0,
        0,
        0,
        0,
        0,
        0,
        0,
        0,
        0,
        0
    ],
    "numberOfFilesForReactbeforeEach": [
        0,
        0,
        0,
        0,
        0,
        0,
        0,
        0,
        0,
        0
    ],
    "averageFileSizeForbeforeEach": [
        0,
        0,
        0,
        0,
        0,
        0,
        0,
        0,
        0,
        0
    ],
    "averageKeywordPositionForafterEach": [
        0,
        0,
        0,
        0,
        0,
        0,
        0,
        0,
        0,
        0
    ],
    "averageOccurenceForafterEach": [
        0,
        0,
        0,
        0,
        0,
        0,
        0,
        0,
        0,
        0
    ],
    "numberOfFilesForReactafterEach": [
        0,
        0,
        0,
        0,
        0,
        0,
        0,
        0,
        0,
        0
    ],
    "averageFileSizeForafterEach": [
        0,
        0,
        0,
        0,
        0,
        0,
        0,
        0,
        0,
        0
    ],
    "averageKeywordPositionForcreateStore": [
        0,
        0,
        0,
        0,
        0,
        6.5,
        0,
        0,
        0,
        0
    ],
    "averageOccurenceForcreateStore": [
        0,
        0,
        0,
        0,
        0,
        2,
        0,
        0,
        0,
        0
    ],
    "numberOfFilesForReactcreateStore": [
        0,
        0,
        0,
        0,
        0,
        2,
        0,
        0,
        0,
        0
    ],
    "averageFileSizeForcreateStore": [
        0,
        0,
        0,
        0,
        0,
        20,
        0,
        0,
        0,
        0
    ],
    "averageKeywordPositionForapplyMiddleware": [
        40,
        0,
        0,
        0,
        0,
        16,
        0,
        0,
        0,
        0
    ],